<?xpacket begin="﻿" id="W5M0MpCehiHzreSzNTczkc9d"?>
<x:xmpmeta xmlns:x="adobe:ns:meta/" x:xmptk="Adobe XMP Core 5.5-c021 79.154911, 2013/10/29-11:47:16        ">
   <rdf:RDF xmlns:rdf="http://www.w3.org/1999/02/22-rdf-syntax-ns#">
      <rdf:Description rdf:about=""
            xmlns:dc="http://purl.org/dc/elements/1.1/"
            xmlns:xmp="http://ns.adobe.com/xap/1.0/"
            xmlns:xmpTPg="http://ns.adobe.com/xap/1.0/t/pg/"
            xmlns:xmpGImg="http://ns.adobe.com/xap/1.0/g/img/"
            xmlns:xmpMM="http://ns.adobe.com/xap/1.0/mm/"
            xmlns:stEvt="http://ns.adobe.com/xap/1.0/sType/ResourceEvent#"
            xmlns:idPriv="http://ns.adobe.com/xmp/InDesign/private"
            xmlns:xmpG="http://ns.adobe.com/xap/1.0/g/"
            xmlns:stFnt="http://ns.adobe.com/xap/1.0/sType/Font#">
         <dc:format>application/x-indesign</dc:format>
         <xmp:CreateDate>2016-08-22T12:19:27+09:00</xmp:CreateDate>
         <xmp:MetadataDate>2016-08-22T12:19:34+09:00</xmp:MetadataDate>
         <xmp:ModifyDate>2016-08-22T12:19:34+09:00</xmp:ModifyDate>
         <xmp:CreatorTool>Adobe InDesign CC (Macintosh)</xmp:CreatorTool>
         <xmp:PageInfo>
            <rdf:Seq>
               <rdf:li rdf:parseType="Resource">
                  <xmpTPg:PageNumber>1</xmpTPg:PageNumber>
                  <xmpGImg:format>JPEG</xmpGImg:format>
                  <xmpGImg:width>256</xmpGImg:width>
                  <xmpGImg:height>256</xmpGImg:height>
                  <xmpGImg:image>/9j/4AAQSkZJRgABAgEASABIAAD/7QAsUGhvdG9zaG9wIDMuMAA4QklNA+0AAAAAABAASAAAAAEA&#xA;AQBIAAAAAQAB/+4AE0Fkb2JlAGQAAAAAAQUAAklE/9sAhAAMCAgICAgMCAgMEAsLCxAUDg0NDhQY&#xA;EhMTExIYFBIUFBQUEhQUGx4eHhsUJCcnJyckMjU1NTI7Ozs7Ozs7Ozs7AQ0LCxAOECIYGCIyKCEo&#xA;MjsyMjIyOzs7Ozs7Ozs7Ozs7Ozs7OztAQEBAQDtAQEBAQEBAQEBAQEBAQEBAQEBAQED/wAARCAEA&#xA;ALQDAREAAhEBAxEB/8QBQgAAAQUBAQEBAQEAAAAAAAAAAwABAgQFBgcICQoLAQABBQEBAQEBAQAA&#xA;AAAAAAABAAIDBAUGBwgJCgsQAAEEAQMCBAIFBwYIBQMMMwEAAhEDBCESMQVBUWETInGBMgYUkaGx&#xA;QiMkFVLBYjM0coLRQwclklPw4fFjczUWorKDJkSTVGRFwqN0NhfSVeJl8rOEw9N14/NGJ5SkhbSV&#xA;xNTk9KW1xdXl9VZmdoaWprbG1ub2N0dXZ3eHl6e3x9fn9xEAAgIBAgQEAwQFBgcHBgI7AQACEQMh&#xA;MRIEQVFhcSITBTKBkRShsUIjwVLR8DMkYuFygpJDUxVjczTxJQYWorKDByY1wtJEk1SjF2RFVTZ0&#xA;ZeLys4TD03Xj80aUpIW0lcTU5PSltcXV5fVWZnaGlqa2xtbm9ic3R1dnd4eXp7fH1+f3/9oADAMB&#xA;AAIRAxEAPwD1VJSklKSUpJSklKSUpJSklKSUpJSklKSUpJSklKSUpJSklKSUpJSklKSUpJSklKSU&#xA;pJSklKSUpJSklKSUpJSklKSUpJSklKSUpJSklKSUpJSklKSUpJSklKSUpJSklKSUpJSklKSUpJSk&#xA;lKSUpJSklKSUpJSklKSUpJSklKSUpJSklKSUpJSklKSUpJSklKSUpJSklKSUpJSklKSUpJSklKSU&#xA;pJSklKSUpJSklKSUpJSklKSUpJSklKSUpJSklKSUpJSklKSUpJSklKSUpJSklKSUpJSklKSUpJSk&#xA;lKSUpJSklKSUpJSklKSUpJSklKSUpJSklKSUpJSklKSUpJSklKSUpJSklKSUpJSklKSUpJSklKSU&#xA;pJSklKSUpJSklKSUpJSklKSUpJSklKSUpJSklKSUpJSklKSUpJSklKSUpJSklKSUpJSklKSUpJSk&#xA;lKSUpJSklKSUpJSklKSUpJSklKSUpJSklKSUpJSklKSUpJSklKSUpJSklKSUpJSklKSUpJSklKSU&#xA;pJSklKSUpJSklKSUpJSklKSUpJSklKSUpJSklKSUpJSklKSUpJSklKSUpJSklKSUpJSklKSUpJSk&#xA;lKSUpJSklKSUpJSklKSUpJSklKSUpJSklKSUpJSklKSUpJSklKSUpJSklKSUpJSklKSUpJSklKSU&#xA;pJSklKSUpJSklKSUpJSklKSUpJSklKSUpJSklKSUpJSklKSUpJSklKSUpJSklKSUpJSklKSUpJSk&#xA;lKSUpJSklKSUpJSklKSUpJSklKSUpJSklKSUpJSklKSUpJSklKSUpJSklKSUpJSklKSUpJSklKSU&#xA;pJSklKSUpJSklKSUpJSklKSUpJSklKSUpJSklKSUpJSklKSUpJSklKSUpJSklKSUpJSklKSUpJSk&#xA;lKSUpJSklKSUpJSklKSUpJSklKSUpJSklKSUpJSklKSUpJSklKSUpJSklKSUpJSklKSUpJSklKSU&#xA;pJSklKSUpJSklKSUpJSklKSUpJSklKSUpJSklKSUpJSklKSUpJSklKSUpJSklKSUpJSklKSUpJSk&#xA;lKSUpJSklKSUpJSklKSUpJSklKSUpJSklKSUpJSklKSUpJSklKSUpJSklKSUpJSklKSUpJSklKSU&#xA;pJSklKSUpJSklKSUpJSklKSUpJSklKSUpJSklKSUpJSklKSUpJSklKSUpJSklKSUpJSklKSUpJSk&#xA;lKSUpJSklKSUpJSklKSUpJSklKSUpJSklKSUpJSklKSUpJSklKSUpJSklKSUpJSklKSUpJSklKSU&#xA;pJSklKSUpJSklKSUpJSklKSUpJSklKSUpJSklKSUpJSklKSUpJSklKSUpJSklKSUpJSklKSUpJSk&#xA;lKSUpJSklKSUpJSklKSUpJSklKSUpJSklKSUpJSklKSUpJSklKSUpJSklKSUpJSklKSUpJSklKSU&#xA;pJSklKSUpJSklKSUpJSklKSUpJSklKSUpJSklKSUpJSklKSUpJSklKSUpJSklKSUpJSklKSUpJSk&#xA;lKSUpJSklKSUpJSklKSUpJSklKSUpJSklKSUpJSklKSUpJSklKSUpJSklKSUpJSklKSUpJSklKSU&#xA;pJSklKSUpJSklKSUpJSklKSUpJSklKSUpJSklKSUpJSklKSUpJSklKSUpJSklKSUpJSklKSUpJSk&#xA;lKSUpJSklKSUpJSklKSUpJSklKSUpJSklKSUpJSklKSUpJSklKSUpJSklKSUpJSklKSUpJSklKSU&#xA;pJSklKSUpJSklKSUpJSklKSUpJSklKSUpJSklKSUpJSklKSUpJSklKSUpJSklKSUpJSklKSUpJSk&#xA;lKSUpJSklKSUpJSklKSUpJSklKSUpJSklKSUpJSklKSUpJSklKSUpJSklKSUpJSklKSUpJSklKSU&#xA;pJSklKSUpJSklKSUpJSklKSUpJSklKSUpJSklKSUpJSklKSUpJSklKSUpJSklKSUpJSklKSUpJT/&#xA;AP/Z</xmpGImg:image>
               </rdf:li>
            </rdf:Seq>
         </xmp:PageInfo>
         <xmpMM:InstanceID>xmp.iid:e5f9f261-5276-4ac4-856a-8e1cac81caf5</xmpMM:InstanceID>
         <xmpMM:OriginalDocumentID>xmp.did:1b1baf83-05dc-418e-9180-0533b5bac268</xmpMM:OriginalDocumentID>
         <xmpMM:DocumentID>xmp.did:db7765ea-89a3-4cc0-9f23-070ac04fe5be</xmpMM:DocumentID>
         <xmpMM:RenditionClass>default</xmpMM:RenditionClass>
         <xmpMM:History>
            <rdf:Seq>
               <rdf:li rdf:parseType="Resource">
                  <stEvt:action>created</stEvt:action>
                  <stEvt:instanceID>xmp.iid:1b1baf83-05dc-418e-9180-0533b5bac268</stEvt:instanceID>
                  <stEvt:when>2016-08-22T12:19:05+09:00</stEvt:when>
                  <stEvt:softwareAgent>Adobe InDesign CC (Macintosh)</stEvt:softwareAgent>
               </rdf:li>
               <rdf:li rdf:parseType="Resource">
                  <stEvt:action>saved</stEvt:action>
                  <stEvt:instanceID>xmp.iid:ffdb0ddf-d85f-4f9b-8203-6a9a1f8694d5</stEvt:instanceID>
                  <stEvt:when>2016-08-22T12:19:10+09:00</stEvt:when>
                  <stEvt:softwareAgent>Adobe InDesign CC (Macintosh)</stEvt:softwareAgent>
                  <stEvt:changed>/</stEvt:changed>
               </rdf:li>
               <rdf:li rdf:parseType="Resource">
                  <stEvt:action>saved</stEvt:action>
                  <stEvt:instanceID>xmp.iid:36e98f2d-278c-4070-a620-55d9b85ee785</stEvt:instanceID>
                  <stEvt:when>2016-08-22T12:19:10+09:00</stEvt:when>
                  <stEvt:softwareAgent>Adobe InDesign CC (Macintosh)</stEvt:softwareAgent>
                  <stEvt:changed>/metadata</stEvt:changed>
               </rdf:li>
               <rdf:li rdf:parseType="Resource">
                  <stEvt:action>saved</stEvt:action>
                  <stEvt:instanceID>xmp.iid:93558d78-a0ae-4030-bef2-993992cd3898</stEvt:instanceID>
                  <stEvt:when>2016-08-22T12:19:34+09:00</stEvt:when>
                  <stEvt:softwareAgent>Adobe InDesign CC (Macintosh)</stEvt:softwareAgent>
                  <stEvt:changed>/</stEvt:changed>
               </rdf:li>
               <rdf:li rdf:parseType="Resource">
                  <stEvt:action>saved</stEvt:action>
                  <stEvt:instanceID>xmp.iid:e5f9f261-5276-4ac4-856a-8e1cac81caf5</stEvt:instanceID>
                  <stEvt:when>2016-08-22T12:19:34+09:00</stEvt:when>
                  <stEvt:softwareAgent>Adobe InDesign CC (Macintosh)</stEvt:softwareAgent>
                  <stEvt:changed>/metadata</stEvt:changed>
               </rdf:li>
            </rdf:Seq>
         </xmpMM:History>
         <idPriv:DocChangeCount>4</idPriv:DocChangeCount>
         <idPriv:keyStampMp>AAAAAA==</idPriv:keyStampMp>
         <xmpTPg:Colorants>
            <rdf:Seq>
               <rdf:li rdf:parseType="Resource">
                  <xmpG:swatchName>黒</xmpG:swatchName>
                  <xmpG:mode>CMYK</xmpG:mode>
                  <xmpG:type>Process</xmpG:type>
                  <xmpG:cyan>0</xmpG:cyan>
                  <xmpG:magenta>0</xmpG:magenta>
                  <xmpG:yellow>0</xmpG:yellow>
                  <xmpG:black>100</xmpG:black>
               </rdf:li>
               <rdf:li rdf:parseType="Resource">
                  <xmpG:swatchName>紙色</xmpG:swatchName>
                  <xmpG:mode>CMYK</xmpG:mode>
                  <xmpG:type>Process</xmpG:type>
                  <xmpG:cyan>0</xmpG:cyan>
                  <xmpG:magenta>0</xmpG:magenta>
                  <xmpG:yellow>0</xmpG:yellow>
                  <xmpG:black>0</xmpG:black>
               </rdf:li>
               <rdf:li rdf:parseType="Resource">
                  <xmpG:swatchName>レジストレーション</xmpG:swatchName>
                  <xmpG:mode>CMYK</xmpG:mode>
                  <xmpG:type>Process</xmpG:type>
                  <xmpG:cyan>100</xmpG:cyan>
                  <xmpG:magenta>100</xmpG:magenta>
                  <xmpG:yellow>100</xmpG:yellow>
                  <xmpG:black>100</xmpG:black>
               </rdf:li>
            </rdf:Seq>
         </xmpTPg:Colorants>
         <xmpTPg:Fonts>
            <rdf:Bag>
               <rdf:li rdf:parseType="Resource">
                  <stFnt:fontName>KozMinPr6N-ExtraLight</stFnt:fontName>
                  <stFnt:fontFamily>Kozuka Mincho Pr6N</stFnt:fontFamily>
                  <stFnt:fontFace>EL</stFnt:fontFace>
                  <stFnt:fontType>OpenTypeCID</stFnt:fontType>
                  <stFnt:versionString>KozMinPr6N-ExtraLightVersion 6.008;PS 6.002;hotconv 1.0.57;makeotf.lib2.0.21895</stFnt:versionString>
                  <stFnt:composite>false</stFnt:composite>
                  <stFnt:fontFileName>KozMinPr6N-ExtraLight.otf</stFnt:fontFileName>
               </rdf:li>
               <rdf:li rdf:parseType="Resource">
                  <stFnt:fontName>KozMinPr6N-Light</stFnt:fontName>
                  <stFnt:fontFamily>Kozuka Mincho Pr6N</stFnt:fontFamily>
                  <stFnt:fontFace>L</stFnt:fontFace>
                  <stFnt:fontType>OpenTypeCID</stFnt:fontType>
                  <stFnt:versionString>KozMinPr6N-LightVersion 6.008;PS 6.002;hotconv 1.0.57;makeotf.lib2.0.21895</stFnt:versionString>
                  <stFnt:composite>false</stFnt:composite>
                  <stFnt:fontFileName>KozMinPr6N-Light.otf</stFnt:fontFileName>
               </rdf:li>
               <rdf:li rdf:parseType="Resource">
                  <stFnt:fontName>KozMinPr6N-Regular</stFnt:fontName>
                  <stFnt:fontFamily>Kozuka Mincho Pr6N</stFnt:fontFamily>
                  <stFnt:fontFace>R</stFnt:fontFace>
                  <stFnt:fontType>OpenTypeCID</stFnt:fontType>
                  <stFnt:versionString>KozMinPr6N-RegularVersion 6.008;PS 6.002;hotconv 1.0.57;makeotf.lib2.0.21895</stFnt:versionString>
                  <stFnt:composite>false</stFnt:composite>
                  <stFnt:fontFileName>KozMinPr6N-Regular.otf</stFnt:fontFileName>
               </rdf:li>
               <rdf:li rdf:parseType="Resource">
                  <stFnt:fontName>KozMinPr6N-Medium</stFnt:fontName>
                  <stFnt:fontFamily>Kozuka Mincho Pr6N</stFnt:fontFamily>
                  <stFnt:fontFace>M</stFnt:fontFace>
                  <stFnt:fontType>OpenTypeCID</stFnt:fontType>
                  <stFnt:versionString>KozMinPr6N-MediumVersion 6.008;PS 6.002;hotconv 1.0.57;makeotf.lib2.0.21895</stFnt:versionString>
                  <stFnt:composite>false</stFnt:composite>
                  <stFnt:fontFileName>KozMinPr6N-Medium.otf</stFnt:fontFileName>
               </rdf:li>
               <rdf:li rdf:parseType="Resource">
                  <stFnt:fontName>KozMinPr6N-Bold</stFnt:fontName>
                  <stFnt:fontFamily>Kozuka Mincho Pr6N</stFnt:fontFamily>
                  <stFnt:fontFace>B</stFnt:fontFace>
                  <stFnt:fontType>OpenTypeCID</stFnt:fontType>
                  <stFnt:versionString>KozMinPr6N-BoldVersion 6.008;PS 6.002;hotconv 1.0.57;makeotf.lib2.0.21895</stFnt:versionString>
                  <stFnt:composite>false</stFnt:composite>
                  <stFnt:fontFileName>KozMinPr6N-Bold.otf</stFnt:fontFileName>
               </rdf:li>
               <rdf:li rdf:parseType="Resource">
                  <stFnt:fontName>KozMinPr6N-Heavy</stFnt:fontName>
                  <stFnt:fontFamily>Kozuka Mincho Pr6N</stFnt:fontFamily>
                  <stFnt:fontFace>H</stFnt:fontFace>
                  <stFnt:fontType>OpenTypeCID</stFnt:fontType>
                  <stFnt:versionString>KozMinPr6N-HeavyVersion 6.008;PS 6.002;hotconv 1.0.57;makeotf.lib2.0.21895</stFnt:versionString>
                  <stFnt:composite>false</stFnt:composite>
                  <stFnt:fontFileName>KozMinPr6N-Heavy.otf</stFnt:fontFileName>
               </rdf:li>
            </rdf:Bag>
         </xmpTPg:Fonts>
      </rdf:Description>
   </rdf:RDF>
</x:xmpmeta>
                                                                                                    
                                                                                                    
                                                                                                    
                                                                                                    
                                                                                                    
                                                                                                    
                                                                                                    
                                                                                                    
                                                                                                    
                                                                                                    
                                                                                                    
                                                                                                    
                                                                                                    
                                                                                                    
                                                                                                    
                                                                                                    
                                                                                                    
                                                                                                    
                                                                                                    
                                                                                                    
                           
<?xpacket end="w"?>